Feature,Importance
Sex_female,0.1790162595407464
Sex_male,0.1775146750054801
Title_Mr,0.1632303551913576
Fare,0.10046495669159795
Pclass_3,0.06243302020298624
Age,0.056815954005735844
FamilySize,0.04795591458527236
Title_Miss,0.04487669134570248
Pclass_1,0.03454306773536126
SibSp,0.02528554352790203
Title_Mrs,0.02008251493206521
Pclass_2,0.015373094528129138
Title_Master,0.015111956941472705
Parch,0.012885899261213037
Embarked_S,0.01163258214107213
IsAlone_1,0.009879520178977134
Embarked_C,0.008925021271611246
IsAlone_0,0.006407108202773925
Embarked_Q,0.0047488076446153046
Title_Rare,0.002817057065927782
