Feature,Coefficient,OddsRatio
Title_Master,1.3827870648930032,3.985995388608835
Pclass_1,1.0008764377645163,2.7206652776279667
Sex_female,0.8128420457989214,2.254305731161451
Title_Mrs,0.49957929165572407,1.6480277857918317
Embarked_Q,0.29853157501922467,1.3478780958016763
IsAlone_0,0.20931888890773975,1.2328380742400964
Fare,0.15251141561891904,1.1647557584265933
Embarked_C,0.0226781605792765,1.0229372650264865
Pclass_2,-0.02504402900925171,0.9752669710445241
Title_Miss,-0.08913472644446999,0.9147223279854916
Parch,-0.13690059787871636,0.8720569061302996
IsAlone_1,-0.19672997951954205,0.821412401541647
FamilySize,-0.30388294187497944,0.737947244115649
Embarked_S,-0.30862082621030684,0.7344592049154242
SibSp,-0.3470692041369619,0.7067564160974887
Age,-0.36572731362402305,0.6936919357613833
Title_Rare,-0.5535218859927458,0.5749214328785582
Sex_male,-0.8002531364107233,0.4492152369908565
Pclass_3,-0.963243499367073,0.3816529850377572
Title_Mr,-1.2271208347233176,0.2931353489778916
